{"cameraMode":{"drawMode":0,"name":"Shaded","section":"Shading Mode"},"sceneLighting":false,"audioPlay":false,"sceneViewState":{"showFog":true,"showMaterialUpdate":false,"showSkybox":true,"showFlares":true,"showImageEffects":true,"showParticleSystems":true},"in2DMode":false,"pivot":{"x":0.669097900390625,"y":4.665066719055176,"z":0.7792019844055176},"rotation":{"x":-0.22379544377326966,"y":0.595913290977478,"z":-0.17770616710186006,"w":-0.7504822015762329},"size":25.708993911743165,"orthographic":false}